Feature,Beta,P_Value
cg12199972_BC21,16.89253407748398,0.00698275453963914
cg25151559_TC21,10.40027842180128,0.007309077726315727
cg20825023_TC21,15.25455167097119,0.00896457060430146
cg08546707_BC21,8.513214622779357,0.009028302327199117
cg21810793_BC11,38.68449124268932,0.011126879380200027
cg25101291_TC21,24.352034222860574,0.012170809323287525
cg21038584_TC21,41.616526012188395,0.0127907107972015
cg15648958_BC11,45.878766806084485,0.01296673151173682
cg06511482_BC21,-22.855184380275137,0.013252085458842685
cg00657094_BC11,16.590767569547094,0.013588014159575858
cg14923045_BC21,25.073618153910854,0.013632101763253772
cg10119342_TC21,15.582818111222638,0.013877537354509317
cg23596291_BC11,25.7842393728212,0.01412692337839561
cg11920144_BC21,19.93531524496079,0.014309126771887733
cg13360866_TC21,15.758907928230963,0.014429181841289215
cg20594982_TC11,59.9570715604787,0.01454850507833613
cg09914843_BC21,18.265799715299213,0.014760338980966804
cg03890988_TC21,17.262188693015567,0.014873295721213703
cg22699361_BC11,37.976206578733816,0.01585474929008968
cg19383909_TC21,37.84656088131337,0.016083125922193218
cg23651812_TC11,33.09787108776544,0.016796511715410977
cg11754357_BC21,-51.21252611106858,0.01728131781437668
cg26837773_BC11,16.091540145103775,0.01743655537603739
cg00006354_BC21,14.996465462064101,0.018211762603338167
cg18224942_TC21,7.56882984842224,0.018276046367624692
cg07841371_BC11,19.329114973258008,0.018606088385616077
cg07236207_TC21,-79.1585295552265,0.018857246339618557
cg06361835_TC21,-48.06686463354887,0.0191854742119639
cg25237545_BC21,8.212968237343434,0.01921227855849889
cg00017977_BC21,46.77807389357943,0.019547344734168855
cg03467014_BC21,-55.858501887132164,0.01980227008523747
cg16254267_BC11,8.394869530123326,0.020145441866471204
cg04364728_TC21,36.69992028469486,0.020631663349347594
cg00011087_BC21,14.692755452246633,0.020683583091066025
cg00019713_BC21,42.860745753669896,0.021034682290018356
cg11071912_BC21,42.49816917886184,0.021504001215349528
cg15713103_BC11,105.10893695718471,0.022312316129058738
cg08886036_TC11,16.38109391002829,0.022430963220459545
cg02341264_TC21,22.760957406296374,0.022523910817004743
cg06036677_BC21,11.212109769621545,0.022556757785267875
cg16608242_BC21,11.204254328256006,0.023027706162308263
cg15417666_BC21,41.116072722354716,0.023361178809874386
cg13924672_BC21,48.08636097418596,0.02343654740545253
cg10026356_TC11,23.44042859445279,0.02365678986155104
cg07812848_BC11,12.90244588682025,0.025456130407882333
cg04794393_BC11,-51.44971451599868,0.025483190920275726
cg00582671_BC21,-18.01011925716421,0.02552615918597933
cg26576041_TC11,47.43634179610412,0.026107261053812385
cg01097950_BC21,11.664799078923494,0.026165669386663745
cg08039585_TC11,36.01419984846252,0.026283568925741504
cg00812770_BC21,20.35539905604866,0.026540852282089467
cg24576260_TC11,60.810449018303196,0.026560627927842858
cg12345380_BC21,12.134560945654155,0.026720872090314346
cg01783406_BC21,40.49462794233474,0.026892769899643034
cg22699004_BC11,17.386197872418364,0.027192807122070613
cg00305285_TC11,15.271891795426901,0.02759435053339659
cg17034203_TC11,8.904784274974997,0.027988074600787314
cg07582955_TC21,8.630389516054297,0.028240950251147177
cg00380574_BC21,14.345534915458881,0.02857510456829771
cg22345205_BC21,9.63219395771531,0.02914090512168749
cg12108798_BC21,9.034739719762143,0.02959182918743417
cg24807889_BC21,9.464749452107332,0.030352487007376777
cg16343995_BC21,18.130472467235062,0.030570456248384944
cg12097325_BC11,41.93560642031129,0.03059405857811068
cg16053440_BC21,-9.668566521696514,0.030738233945731365
cg24658349_TC21,13.98313376944591,0.031206314284804477
cg10410269_TC21,12.074678398312379,0.03232627570371469
cg10381813_TC21,17.12664014932076,0.03263338056960815
cg12549180_TC21,7.691444776237742,0.03285189950499619
cg09276842_TC11,12.335075066306425,0.03294083286370615
cg15683497_TC11,12.19836930165252,0.03310741828430467
cg07696918_TC21,11.98779640648681,0.0333366565753313
cg16347928_TC21,-23.0830141627916,0.03364730842951542
cg23035597_BC21,17.794062446374383,0.03369726256728451
cg06771789_TC21,45.91514411125341,0.033729716384679406
cg02971920_TC11,20.58224320076581,0.03454115930969283
cg21680388_BC21,16.062591215179314,0.03498925814348844
cg16318112_BC11,19.93415308608499,0.0354174366627702
cg14220262_TC21,9.476604250648439,0.03588850033592047
cg02138082_BC21,14.593540916457288,0.036098294289187344
cg20649452_TC21,67.96495010104599,0.03627217877062238
cg25651681_TC11,16.633322790056486,0.037399444224423234
cg19734301_BC21,-49.458098401106604,0.038102034179395255
cg09315878_BC11,71.05961372239895,0.03819528858501488
cg08899471_BC11,12.248186648062577,0.03884211908123267
cg25107893_TC11,52.172487511143984,0.03975155834508636
cg25350899_TC21,14.6298350041211,0.039762500181177024
cg03801109_BC21,7.777915571961946,0.03982100730099066
cg06712559_BC11,38.800801558268525,0.03983318735202422
cg24034746_BC21,10.665913246519406,0.039904829599694304
cg06325811_BC21,8.534103665614039,0.041208315968486245
cg11405655_TC21,38.10259496169855,0.04159729639872006
cg11203990_BC21,15.268645816143794,0.04175230799175369
cg00006746_BC21,6.595034150209372,0.042140439353010595
cg00022281_TC21,55.17683748391216,0.04223311245582768
cg25144135_BC21,8.919357850455581,0.04244446302096375
cg01511231_TC21,-29.214933885506145,0.042542969559385586
cg17784606_TC11,18.858251204803437,0.043085204668902054
cg17142931_TC21,84.15492991593764,0.04331561901469165
cg21786289_BC11,14.091987603946537,0.04476961758730208
cg05598010_BC21,10.843168619728468,0.045269295955687266
cg19669771_TC11,45.05261956040996,0.04537703841484994
cg13714829_BC21,7.6860941405286844,0.045627837115361905
cg10208113_BC11,10.143254448295735,0.0456332423963299
cg24114126_BC21,17.139273619544532,0.045976360822677954
cg21265287_TC11,12.101094791605544,0.046086469457533
cg14287724_BC21,22.582797025267002,0.046140270170944186
cg10335452_TC21,9.45088348003594,0.04664697218115359
cg19861048_TC21,-44.12126676491679,0.04813602529909728
cg00016699_BC21,12.725953289584469,0.04819257005812442
cg23891364_BC11,11.381995834992859,0.04932898214022926
cg18329352_TC11,14.242445161147268,0.04941595492784567
cg04232698_BC11,39.436158560378864,0.04995117120072704
cg11084308_BC21,18.709919048821135,0.050342267913174
cg26939697_TC21,22.765326555604254,0.050357264466517546
cg22379708_BC11,20.423772492085888,0.05045230589590252
cg02823370_BC21,3.8703363731319858,0.05059337188132642
cg15901950_TC21,23.67100799401192,0.05100803722051866
cg26155170_TC21,6.75060101214785,0.05105556338253094
cg12120973_BC21,13.79282188804827,0.05116799898237957
cg22599150_TC21,-12.64955110849407,0.051561894175269476
cg02835406_BC21,3.77773102184492,0.05205470919043829
cg09864227_TC11,9.990557189251536,0.05434193846158564
cg02331673_TC21,7.449457331582985,0.054342438354647506
cg02105666_BC11,89.61097814735015,0.05484728793486395
cg25973293_TC11,-30.527617147100276,0.05493155180183265
cg13361271_BC21,24.11162149814239,0.0554361734292557
cg00152708_TC21,9.290938184335799,0.056173454817558394
cg26338735_BC21,-52.25389887227235,0.05631967893087186
cg20014591_TC21,9.318393076124954,0.05639527652867539
cg17505193_TC11,-25.58136615621534,0.056975935576621034
cg21956294_TC11,11.228472351444898,0.05742647698309012
cg00082285_BC21,9.426808639905538,0.05761406986659658
cg12658052_TC21,11.862403648263541,0.05788681580675575
cg00699898_BC21,7.143137998238374,0.058170785381465445
cg09261435_BC21,22.316762249641943,0.05869483882712793
cg12755103_BC21,10.91755338358128,0.058924656564059694
cg11229611_TC21,12.950871255927774,0.059156960915150436
cg10177439_BC21,32.04381510567975,0.05942640140537103
cg15576492_BC11,61.23378166369346,0.05945944620517075
cg27582546_TC21,7.2851162040664965,0.060990447660116055
cg01776299_TC21,31.11444634894828,0.06120298139391783
cg10176463_BC11,64.58895654464375,0.061741657813617803
cg02415349_BC21,41.62624800748136,0.06231103048956994
cg14350158_BC21,128.17956364771845,0.06261303758015428
cg15706223_BC21,-88.42392541594315,0.06277934201261821
cg08643618_BC11,26.904799887675583,0.0629328296229276
cg05527091_BC11,56.26364250163015,0.06300873210327754
cg22485363_BC21,9.727577182428194,0.06364727228511818
cg14531564_TC11,26.726631516090006,0.0636799822971798
cg00008884_TC21,5.688239385876849,0.0641975157569796
cg08803531_BC21,21.97563413454135,0.06442647248378805
cg23684711_TC21,80.27280873132976,0.0648399616136853
cg13560058_TC21,23.280764410198003,0.06486598672712739
cg00008883_BC21,-47.21061087353676,0.06511254821645249
cg00023842_TC21,33.13724806756878,0.065357240789536
cg06909630_BC21,12.436565104618328,0.06785697938751582
cg06444226_TC21,6.059514245638517,0.06799988686991472
cg18348086_TC11,25.382647376120296,0.06806592512503999
cg23622235_TC11,14.593530780622446,0.06823970316620763
cg16366262_BC11,8.24363653732115,0.06833896108175853
cg27179810_TC21,24.6137582987208,0.06837127115722752
cg25674129_TC21,29.52757123857881,0.06853567576330157
cg22335801_BC21,11.150156331220632,0.06934521764818906
cg18024260_TC11,29.36005694589522,0.07011717082177524
cg27651942_TC21,7.712589510407651,0.07050472709343938
cg13681826_BC21,15.219046572096515,0.07209207369355554
cg10435967_TC11,40.98971829939202,0.07265503377186329
cg16046810_TC21,38.537520447097066,0.07338779520620083
cg02326551_TC21,7.217076743402277,0.07415922191311908
cg08927102_TC21,39.996472186470186,0.07449944156460316
cg00010206_BC21,44.303094008023244,0.07477333443357898
cg22130030_BC21,6.609348553086673,0.07507947057358982
cg13440692_TC21,13.464761605240973,0.07545527053186998
cg21607076_BC11,-18.81905284906504,0.07598451911245047
cg00021868_BC21,12.411038366011093,0.07627508828053788
cg01537494_TC21,7.202475648076154,0.07652788976550154
cg05536589_BC21,3.8975181380724515,0.07699775214782813
cg00014894_BC21,33.9110253711145,0.07706139236741293
cg00018402_BC11,10.150057894279232,0.07737705091422008
cg07203151_TC21,12.211488794276653,0.0775266995812539
cg14477263_BC11,14.974339580751323,0.07821757612334225
cg01789792_BC21,20.696175679430198,0.07899190734681247
cg09862283_BC21,7.454196298953395,0.07912035714774791
cg19869091_BC11,10.636961837385776,0.07916796705249772
cg27222785_BC11,25.564671138861907,0.07931186880998874
cg02565062_TC21,41.529232925633565,0.07972651610061852
cg22618402_BC21,27.892686960655602,0.08059443340448849
cg00613965_TC21,7.8477839347866984,0.08256411750491156
cg06931612_TC11,10.37403195181501,0.08350231603756544
cg05555852_TC21,7.954329293694755,0.08413733557334302
cg13689260_BC21,22.88085993094567,0.08453470731318571
cg22725197_TC21,6.05924421520787,0.08471630327005482
cg23207077_BC21,15.088013777280873,0.0847398290889494
cg21664227_TC21,5.9087792614954475,0.0848450771316708
cg09908510_BC21,8.511187013923607,0.08518089806333945
cg24934837_BC21,-6.426799042462535,0.08556769425693135
cg07425625_TC11,-41.75028976149729,0.08560205735501115
cg04985032_TC21,16.251114971751512,0.08597992704566658
cg19666520_TC11,19.67626306964186,0.08598050643276572
cg06978943_BC11,19.500239358830648,0.08599556246042148
cg23082845_TC11,7.842449870528319,0.08620060093756635
cg04195702_BC21,23.22057303805058,0.0863607050972242
cg07115976_TC11,-32.75383306723842,0.08780102517495024
cg17026072_BC11,47.14665817856568,0.08794027836293379
cg06798288_TC21,7.118942693947105,0.08797564994195059
cg07718444_TC11,24.97279973431096,0.0892376757610227
cg16632098_BC21,9.893529611859648,0.08931146977948873
cg14278226_BC21,-9.925132835830548,0.08974508112138684
cg02854937_TC21,-35.57004424107822,0.08993396314571328
cg00019705_BC21,50.012252192617325,0.09012151411310404
cg14528386_TC11,6.7789072878520695,0.0903738571992658
cg22343299_TC11,21.7447450011859,0.09045809508690743
cg12763038_TC21,28.50604713970442,0.09054153702392996
cg03528302_TC21,15.155010249344151,0.09122757045490189
cg00005473_TC21,51.64626163848646,0.09136995910890168
cg10579718_BC21,24.74148149331498,0.09167238745960615
cg10056813_TC11,-56.38934791354549,0.09229364703807384
cg15207968_TC21,8.023101310951095,0.09235137989541213
cg19709095_TC21,34.63812474412971,0.09257441784882475
cg19724260_BC21,8.821025055838533,0.09259124314045758
cg14324200_BC21,60.81226195183539,0.09286010194233832
cg17094363_BC11,7.2915477203567285,0.0931791572769695
cg23733394_BC21,-18.678794243340505,0.09438866157748149
cg12274407_BC11,8.465047252926592,0.09462309086327757
cg00018565_TC21,29.54189952889121,0.09506472273281591
cg00211609_TC21,4.765948922720141,0.09516671583694526
cg00012157_BC21,19.71896476475355,0.09572611884230887
cg16561256_BC21,10.342832962889297,0.09630676780249746
cg20322444_TC21,8.425118066352278,0.09632894558438519
cg08750554_TC21,41.34506237630845,0.09656302772494771
cg20619296_TC11,12.113777553408873,0.09677929677748044
cg00013131_TC21,14.803613273628114,0.09678947859341512
cg15105996_BC11,13.469203272567297,0.09691604108212036
cg05728515_BC21,21.38834168610581,0.09778509136946192
cg07671976_BC21,26.521660199769386,0.09783054103723252
cg03278726_TC21,21.616276643669373,0.09789229577191663
cg02652646_TC21,15.578339547262866,0.09810285547115945
cg02859098_TC11,7.376360691772661,0.09822706294456186
cg09870910_TC11,9.537998343127349,0.09855958359535638
cg24158844_TC11,-21.84896682102141,0.09901603021461115
cg00656410_BC11,26.884194378146773,0.0995936270509755
cg19856606_TC11,9.608814620669381,0.10013698607089294
cg06623778_BC21,6.829041051327482,0.1006279771587314
cg16026189_TC21,60.56990938455917,0.10204074615500597
cg02296931_TC11,15.441885788454886,0.1021839914637483
cg13468764_BC11,35.539594315076876,0.10218738902893416
cg20453388_TC21,5.931149110536473,0.10221862578123901
cg19626656_BC11,7.847375609848986,0.10226853222774059
cg09789536_TC11,-10.281625788467888,0.10303832876421115
cg09383789_BC11,-19.172175902351906,0.10307354165428331
cg16903000_BC21,24.735381093585307,0.1041995438377204
cg13552506_TC11,9.76342447838315,0.10424213814265598
cg10983617_BC11,16.726356406575896,0.10496468344558778
cg06193359_BC21,11.701926010476667,0.10503468581382147
cg00012077_TC21,8.273969675068203,0.1059751900079683
cg26920857_TC11,27.507003968696345,0.1082486009652773
cg02751993_BC21,-49.61324983987771,0.10825960411247032
cg15825501_BC11,41.12455899898923,0.10831858114674123
cg06002705_TC21,8.995713471574113,0.1084088821080936
cg02625725_TC21,9.143636354978316,0.1093704607259886
cg24704476_BC11,-91.69666068087189,0.1094441160177701
cg04359978_BC21,6.167611990930351,0.1099462928786205
cg10110857_BC21,61.878489668477286,0.11014296937531713
cg21862126_BC11,27.723416210337543,0.11029178361051115
cg26910384_TC21,6.211551698604315,0.11054556568691029
cg18382926_TC21,4.535818254381041,0.11119594421927159
cg00525597_BC21,10.640981647936476,0.11176330297854195
cg09906735_TC21,46.18194884111996,0.1117792267505289
cg19816994_TC11,8.106589668255582,0.11208194164873865
cg24396605_BC21,4.07175707238879,0.1122568258418911
cg02439789_TC21,34.78453796373755,0.1127886214272835
cg04559485_BC21,32.319345069426724,0.11369075292238631
cg19708306_TC11,10.832411735385767,0.11380114497444863
cg14809958_TC21,6.29911135698122,0.11431955998967624
cg14965611_TC21,19.474607824773006,0.11440673972688749
cg08122545_TC11,-27.28592309117225,0.11536406520127405
cg05528516_BC21,15.059041376663096,0.11570482030678798
cg08007197_TC21,5.615063049163465,0.11573329026306714
cg15419710_TC21,4.716411469960069,0.11650800595018239
cg00023376_BC21,15.254341602649836,0.11737593545778949
cg13802035_TC11,-11.731006761381368,0.1186788892467261
cg03128133_TC21,-5.13773233124805,0.11911113302425162
cg22521151_BC21,-32.51840150577633,0.12002430441039821
cg09332175_BC21,8.109221599066851,0.12029444517196386
cg10827460_TC11,19.811056541693453,0.12069660053996754
cg22169680_TC21,5.562137389928436,0.12071533870794755
cg07810204_BC11,14.609206868408645,0.1210424544936786
cg01729262_TC21,12.118731551143968,0.12117848535586195
cg01437515_TC11,56.036160429340384,0.12141043676743508
cg25021451_BC21,31.873936318454128,0.12229077545603498
cg09503311_BC21,28.295699027036324,0.12275127253531737
cg07346648_TC11,38.95490076716748,0.1228798188751577
cg20156053_TC21,-44.2022185466221,0.12437292505481669
cg26155520_BC11,6.513514800739578,0.12461670182823362
cg14476334_TC21,50.63066995196309,0.12479674624055188
cg16989340_BC21,23.449521014114364,0.1248299099573413
cg26111997_BC21,-43.20841040599233,0.12540428070580972
cg22622472_BC11,13.511115943626509,0.12597584918480953
cg07213830_BC11,22.30410416835039,0.12782234617377145
cg24730157_BC11,7.521702286883629,0.12813505539608117
cg10168544_BC21,5.008253322507302,0.12814810428620305
cg22220310_BC11,20.608110282127274,0.12892699320191245
cg04315086_BC21,5.8986315510688785,0.12968841677210619
cg21837391_BC21,16.603090144949817,0.13041051252281496
cg19584957_TC21,31.588259658880844,0.13052108679800623
cg08486042_BC21,22.68398974584204,0.1315837562412587
cg06973463_BC21,12.535016174016624,0.1322434846533622
cg07568471_BC11,17.437355210216506,0.1323872411021508
cg02494066_TC11,13.08966835462049,0.1329203021443824
cg01341249_TC21,11.343001322772892,0.1330633178163909
cg22864340_TC21,22.15619155092628,0.13309504118222404
cg09358422_BC11,6.209424359743144,0.1331578315193567
cg16952407_BC21,12.364789673289843,0.1340817940146324
cg25523405_BC21,-45.5622714537341,0.13446052921038643
cg23087108_BC11,8.926902155796064,0.13451296982895009
cg26866020_TC11,-13.441031305856127,0.1350962646900174
cg12759096_BC21,-11.753825233760526,0.1359185097906138
cg04172501_TC21,-50.26715235074103,0.136058036042454
cg21864845_BC21,60.9029590576674,0.13752057091045872
cg07407159_BC21,6.734276774959114,0.1383656888710031
cg16060740_TC11,7.829813565054849,0.1390515491550928
cg12612065_BC21,6.921954656118739,0.13951544372811298
cg08663263_TC11,24.42430811352323,0.14088226965734726
cg26831087_TC21,4.785526953325619,0.1411223472834847
cg14436909_BC21,7.943231279736869,0.14474638893275452
cg17405058_TC21,7.073447607637822,0.14482561924635984
cg20544808_TC21,-12.849514860336587,0.14517708758553738
cg11144217_BC11,27.03054997642232,0.14532124091328913
cg04891761_BC21,6.687078466829503,0.14536559785892997
cg00009414_BC21,-27.745569863212527,0.1459828806346577
cg12647165_BC11,-15.067066430955183,0.14613251137578262
cg16389252_BC21,-20.192744239081318,0.14613323608533005
cg12633028_TC11,7.039188156895223,0.14629684885731672
cg02630349_BC11,11.916458694310307,0.14655659874854027
cg14329010_BC21,33.02751274132174,0.14747573241933387
cg00016507_BC21,7.781311758515138,0.14800341572094242
cg02386723_TC21,-36.836255005600506,0.14803502134366467
cg07548512_TC11,24.474303655641517,0.1480815861204324
cg06910084_BC11,10.13008841322669,0.14810446560922608
cg14886269_BC21,52.28075077042188,0.14825805483209847
cg05795376_TC21,6.668257415021721,0.14833470915803404
cg27310827_BC11,33.44408937220823,0.14906526962052047
cg00018752_BC21,6.451453077734755,0.15034971601966876
cg16248916_TC21,31.674947275104962,0.1510281771119662
cg03521652_BC21,6.0541613742747,0.15119373631658142
cg00017766_BC21,30.273047773543524,0.15122142630562593
cg25772221_TC11,-15.185342760869368,0.1523483465169862
cg25578497_BC21,6.577760252190334,0.15261104816560483
cg06294324_BC21,5.719852935617873,0.15266125385345597
cg09331144_TC21,30.253974222845216,0.15327413881755622
cg24598973_TC21,26.816975768919807,0.15331509723041972
cg03822920_TC21,6.954888323573898,0.15382859757235942
cg01515136_TC21,-7.163765463168983,0.1539146260852967
cg20978193_BC21,47.940200240937074,0.15454793866484143
cg13089299_BC11,10.90467579543456,0.15456788009042402
cg15688253_TC21,29.329964693814812,0.15508854899223382
cg01108617_BC21,-3.426689791594625,0.15601827683087766
cg11527153_BC21,6.386892139053375,0.15605728426888166
cg18770446_BC11,12.384541850742645,0.15637465406435982
cg03041482_TC21,38.668741385600185,0.15769590006868228
cg22512888_TC21,8.665636162666852,0.15877566864557613
cg14661139_BC21,24.36280050467809,0.15925603582806325
cg00825734_TC21,6.768561772808667,0.16091792129956328
cg06615380_TC11,-20.864070129767562,0.16144094705189793
cg03520879_TC21,16.284153612613974,0.16162431757018492
cg16140890_BC21,9.905477194703126,0.16217867794569285
cg21778193_TC11,-21.719350245180504,0.16253428963326688
cg10245314_BC21,-10.225515597011691,0.1626594141169201
cg23689441_TC21,16.60987430527078,0.16362081962712993
cg00016911_BC21,4.076561176448957,0.16654165319256298
cg00015853_BC21,6.278038317924165,0.16668937343475387
cg16526047_TC21,4.548365105942548,0.16747787469914743
cg16639967_BC21,21.41425122600354,0.16749224746622493
cg04840417_TC11,-23.569092468620703,0.16869911118739866
cg11225330_BC21,16.321415580458208,0.1687086210673533
cg19081571_BC11,6.392610157681959,0.17019921332108312
cg11750929_BC11,8.498081933878897,0.17141156585063155
cg16417258_BC11,27.198402098928163,0.1725507194849386
cg05378358_BC21,-32.69965342045172,0.1766360874898868
cg07787977_BC21,4.855659837472308,0.1766428914140551
cg00207921_BC21,-24.845411796923614,0.17831405408211676
cg26541516_BC21,-48.55022931780113,0.17938750099893896
cg13771601_BC21,4.442214230085871,0.18059497590176976
cg14253035_TC21,8.660714923607474,0.18150030838902342
cg00019931_BC21,16.24051722490091,0.18290898042030923
cg27631599_BC21,4.35112807072587,0.18293372251465068
cg11257497_TC21,12.72416997296764,0.1832794429493282
cg00020300_BC21,-15.109974039075865,0.18358211661520762
cg07396477_TC21,23.154229896982297,0.18391773842801884
cg13176867_TC21,14.059147691345487,0.18480099335025113
cg20185617_BC21,-37.04832612186495,0.18545738694828384
cg00012627_TC21,52.430880106409596,0.18552285213648445
cg05527507_TC21,37.22178225893685,0.18641443223611753
cg23552821_TC21,25.164321143587593,0.1884534940412903
cg09661118_BC21,-4.592416516771548,0.1887619835204366
cg03583709_TC21,10.502368218225895,0.18879739081931834
cg06599206_BC21,4.37246507219679,0.18932653242064879
cg06727198_TC21,26.288679721684627,0.18987009329459315
cg05655247_TC21,17.514699707776725,0.1902240944578364
cg00014711_BC21,92.47726347216229,0.19044067341928328
cg05929553_BC11,8.553997164799144,0.19211114971685306
cg14529643_TC11,10.729234698962621,0.19211293927079098
cg10984178_TC21,3.4767973786759336,0.19539765584857538
cg03322129_BC21,60.029826166660754,0.19673956064783404
cg10490668_BC21,31.723923673249885,0.19788161535033233
cg20275697_TC21,7.127099263148902,0.19791238507924136
cg24157952_BC11,61.814356330650384,0.1991752029318521
cg02635644_TC11,20.033470746903657,0.19935049402670657
cg16887862_TC21,-32.76117525823838,0.19950122469449116
cg04274259_TC21,10.04091604092196,0.20330635167279687
cg11811960_BC21,32.23769859663581,0.20414903693270559
cg27050229_BC11,22.62388304485774,0.20516543148012356
cg07123481_TC21,-15.860856347087633,0.20550520995143318
cg06181703_BC11,6.66906216499309,0.20657122927946858
cg10784110_BC21,6.831205837517852,0.20692639196469864
cg23963070_TC11,19.37609120688188,0.20692711113774132
cg06967105_BC21,4.797207714700521,0.20719073286417233
cg22115423_BC21,-41.0092293616423,0.2082568317127148
cg11246447_BC21,8.4948167303993,0.2093248722690979
cg26702212_BC21,-6.100758968141723,0.2102269176969459
cg16045223_TC11,6.036862314900522,0.2106757065770215
cg15475967_TC21,18.008683938097576,0.21080106970727186
cg09756115_BC21,5.727799606459172,0.21297162235733447
cg00010727_BC21,6.089114850276227,0.21367623186069873
cg16679343_TC11,5.255206116901815,0.21594765488435153
cg01244934_BC21,2.904128947480789,0.21673313990780707
cg08131937_TC21,17.27001842135237,0.2174352315085648
cg18411941_TC21,11.723686261417447,0.21774990312786713
cg13856810_BC21,5.778432194173164,0.21877672190588027
cg13546858_BC21,-12.196574506371062,0.22017795058775735
cg20256117_TC11,-10.252234858418193,0.22072335246776875
cg19585749_BC21,3.5803501478966098,0.22470492057292402
cg08470135_TC21,42.95953794963261,0.2258945137568329
cg26527092_BC21,-22.743059613393854,0.22683266643584066
cg22675767_TC21,15.120416918615982,0.22697896803970907
cg21870274_BC21,3.4336448157681643,0.22721895924453206
cg09094385_BC11,-21.812531285430104,0.22740665201417387
cg00015987_BC21,5.975857468191379,0.2278868253888725
cg00300303_TC21,12.84765663239114,0.22834435031774647
cg20988802_TC21,17.22929062004236,0.22866568523845165
cg02279987_TC21,4.091527680083659,0.22908994091645618
cg20300707_BC11,9.414328965471132,0.22953220229348603
cg25731959_BC21,6.070517591351478,0.23210056843423688
cg00022434_TC21,10.777688678288962,0.23366432964508033
cg00011816_BC21,4.519561269051167,0.2339791294828728
cg07195057_BC21,-5.49170801813001,0.23399844378531587
cg10046671_BC11,-17.432194666087426,0.2342815876783959
cg04296903_TC11,41.972491023789765,0.2344929335717757
cg00014082_BC21,6.319044660858784,0.23715770199881914
cg06154531_BC21,3.6601970276881803,0.24107637013263505
cg16502826_TC21,9.511007562178316,0.2419248840984355
cg12743165_BC21,-21.66579693682286,0.2421966589296778
cg03120284_BC21,8.697368773206582,0.24326726360204787
cg00017729_BC21,6.364679313618742,0.2435378573812339
cg15882305_TC21,6.013612392489319,0.246362454788156
cg00009409_BC21,4.30733200290807,0.24650051469443945
cg02632261_TC21,8.903623987614344,0.24781814405324665
cg23867494_BC21,10.319507084081705,0.2480036501946179
cg08618000_BC21,-7.268859456100232,0.24801954188479847
cg13152599_TC21,5.24902961861972,0.24908125139530968
cg08472719_BC21,-28.026766425028754,0.25038233600627413
cg22348654_TC11,4.592597777213781,0.2505498308950933
cg15042692_TC11,47.56695404314406,0.25241160750026115
cg09856436_BC21,-29.332558399304528,0.25360748836445146
cg24664590_BC21,-33.69887716778098,0.25387208597380506
cg22670128_TC21,3.474561335015307,0.2541392193860247
cg24497877_TC21,34.44188458799983,0.25451195908854696
cg25774148_TC11,6.585274737113121,0.2551141524108803
cg27487046_TC21,-21.117668722085877,0.25535227501760693
cg11733071_BC11,16.699477185398422,0.2556284164384791
cg22009470_BC21,6.899103394028917,0.25613563533819805
cg03790440_BC21,-14.230256684915675,0.25627509115218794
cg22579372_BC21,16.5000460407019,0.25848511335140667
cg14089984_BC11,-11.67356095460998,0.25875473246383873
cg20961824_BC21,3.7079948966751406,0.2590222524692206
cg24362661_TC21,32.105036449839,0.2598288798720567
cg00024651_TC21,-4.067559570743801,0.26359005608008856
cg08480609_BC21,29.280904256972185,0.2640795308912539
cg06767191_TC21,8.488650128697023,0.26449625594817006
cg00009465_TC21,3.706317535946402,0.264699205342978
cg04336684_BC21,38.13989669238501,0.2666724584301746
cg17187430_TC21,-19.280582118024327,0.26805144857928986
cg17801765_TC11,2.781117795055289,0.26873716302442197
cg11851804_TC21,-12.894311646429468,0.2698752273314814
cg00009620_BC21,5.040017262207002,0.2700006408049558
cg12219387_TC11,18.436132454942157,0.27205298469526673
cg15578015_TC11,-23.78512066181215,0.2721449609237133
cg26477748_BC21,-22.375170450418388,0.2740197977728671
cg12046908_BC11,-14.717767646454117,0.27459695659190797
cg04559824_TC21,-26.13330505108646,0.27930036429539784
cg27582017_TC11,-23.412092593346078,0.27981278730645254
cg13362546_TC11,8.378673803398172,0.2798710482188742
cg07181952_BC11,14.141749154271567,0.2803299183767103
cg27302190_TC11,5.307915621191178,0.2808122773357231
cg02506501_BC21,10.740376915320113,0.28084566197452554
cg14156792_TC21,35.93083449420242,0.2856725719867931
cg26222311_TC11,-17.39749589200906,0.2857683581371382
cg19414302_BC21,23.80142485139918,0.2870365020178365
cg14831166_BC21,2.8429290016489084,0.29016787413400924
cg21815220_BC21,-17.561551045011914,0.2902041003589605
cg02506753_TC21,-19.721037217250636,0.2902871311473225
cg23400617_TC21,-14.814175711908902,0.29161778789348625
cg14860707_BC21,-16.991009045268495,0.29474084558470826
cg12469361_BC11,15.684664364873846,0.2947473884982087
cg12760887_TC21,-10.411838410837342,0.29574894462879797
cg03055733_BC21,18.82168741831036,0.2958157151886114
cg07123796_TC21,3.5668962052261834,0.2959556510854786
cg04839849_TC11,-33.22544092860207,0.29690341957054256
cg25594899_TC11,-22.741705406905087,0.29785987145154036
cg00017070_TC21,-5.11360584859176,0.2992490406388777
cg13924635_BC11,8.33083975690746,0.29998018264501447
cg16657578_TC11,4.975733460048968,0.3016390877688162
cg24252805_BC21,20.433259080852828,0.30212121062682984
cg09586191_TC21,11.918517609352861,0.3022578626789689
cg03161767_TC21,-13.296377828087657,0.30397788398861514
cg00008467_BC21,9.548986536004788,0.30467069799993163
cg16383573_TC21,7.201623934938308,0.3056130484765279
cg27060622_TC21,42.000306444665426,0.30700665657030957
cg05362521_BC21,-3.913431102366721,0.307942952851711
cg13452079_BC21,-4.73318926585069,0.3097071502484434
cg22699977_BC21,-4.462558224330159,0.3156574744135944
cg07589034_BC21,3.7018760632881005,0.3156757501633398
cg09556527_TC21,17.121248110153036,0.31646752889656793
cg20411340_BC21,13.970071590160073,0.3177779906420233
cg03259576_BC21,8.518177896366115,0.3187153356662996
cg08387293_TC21,3.5355628871900002,0.3197805203734151
cg20871445_TC21,-17.492683758010976,0.3200508638919817
cg14166948_TC11,-33.99696217025229,0.3202771664788935
cg25177113_TC11,-18.581132870324513,0.322826016241881
cg15993652_TC11,-7.034183081186169,0.32391988586962117
cg23430421_TC21,-11.929227857408494,0.325256215728319
cg25215298_TC11,-19.116227541037194,0.3256171369984464
cg18166741_TC21,-3.102475701960114,0.32594944401494075
cg12806826_TC21,9.116273816542504,0.3268088166812897
cg19413397_TC21,-12.647462131884676,0.32713755937902134
cg14661234_TC11,3.484301729596501,0.32882675709059317
cg14252395_TC21,5.645493131725698,0.3295139609600407
cg08933284_BC21,4.25588064057602,0.3299318382338836
cg04788999_TC21,-8.41407856189907,0.3299813090819653
cg00086266_TC11,36.9025307028637,0.3311304867286813
cg10399850_TC21,3.35268920964966,0.33176273684791935
cg15840462_BC11,2.6983458863856167,0.33332915995239554
cg18865112_BC11,-5.16904021611358,0.3338981721668949
cg07390924_BC21,-26.135837447615344,0.3339182711618308
cg05706898_TC11,2.53155235452959,0.334530201887255
cg06324192_TC21,-4.290862735593805,0.3351469692362351
cg00016987_BC21,-9.187899047261347,0.33854700543053173
cg25646531_BC21,17.823730085164538,0.3413405030027067
cg12454161_TC21,7.879033306064577,0.34274417335275453
cg25201327_TC11,-42.530185560169144,0.3437280250059077
cg22798412_TC11,9.550279708135337,0.34459427523253827
cg09812885_BC21,20.48206622291339,0.3447464136586298
cg22020633_TC21,5.935259285678047,0.34537725762299587
cg00017248_BC21,11.263175760518441,0.34553686021082186
cg20741620_BC21,3.894046862637867,0.3460494934125493
cg02452688_BC21,2.510648046377344,0.3476381078764368
cg14161399_TC11,5.489248379299425,0.34782214825979973
cg25605174_TC21,3.671061222494701,0.34797483463410384
cg10143960_TC21,11.42167941073381,0.3481482625465905
cg10955566_TC11,2.7368918072644837,0.3483469658335724
cg13904806_TC11,4.35632264878576,0.34840714576091736
cg26007962_BC21,-17.673907994981786,0.3515038731554465
cg09134969_TC21,3.164030967443271,0.3515272534697802
cg00022692_TC21,3.3717766359841637,0.3524675131801652
cg17436295_BC11,-3.4631035111774935,0.3538714799232928
cg04584842_TC21,8.083947349805246,0.3560149212126239
cg10375192_TC21,-13.730048354290394,0.3569484502676453
cg26362806_BC21,7.417013185207895,0.3571796783434912
cg06838427_TC21,-27.546065312890203,0.35733540285748755
cg01727431_BC21,-7.2928331731542775,0.35974465723171434
cg24076968_BC11,-14.651731478710783,0.35976039246098024
cg19307389_BC21,2.344227859855358,0.3602805734811918
cg00008076_TC11,-21.026441826308506,0.3604393125530696
cg20544186_BC21,4.803042273285606,0.36050997441000476
cg00022808_BC21,-19.021353627359595,0.3609326222628234
cg21779088_BC21,2.5548073668863323,0.36327144198817884
cg05505459_BC21,12.764347050743641,0.36406396946090636
cg13449535_TC11,-7.918716979891604,0.36542193087145713
cg15988843_TC11,18.377446125667642,0.3676208923862355
cg25742326_TC21,1.8384499694168437,0.36909688333120394
cg04865998_TC11,-2.591569509869704,0.3724670553854319
cg14288281_TC11,9.22647471028554,0.3731493331943343
cg22114309_TC11,-8.027526612659146,0.37343744834624903
cg11132698_BC11,-11.879233631808424,0.3737502776792191
cg00019873_BC21,3.04102365240568,0.37405382729031267
cg02953397_TC11,-23.392967074478417,0.3752853787257001
cg26330479_TC21,2.08420543469702,0.3754468130730646
cg19999567_BC11,3.3635533032820857,0.376323084323946
cg05818515_BC21,-13.324019773727137,0.3772764948393085
cg08474826_BC21,-21.789980811014104,0.37830741039495785
cg14010231_BC21,5.517839614089674,0.3786527362139557
cg14824543_BC21,-4.82690490847774,0.3796011461575959
cg21197375_BC11,25.681360404259287,0.38121538520592757
cg16349774_BC21,3.739459689610045,0.38166433107291753
cg19860160_TC21,2.70996766001438,0.3827189494276294
cg04926200_TC21,4.4114527090901685,0.3828300795761952
cg24488772_BC11,10.275865398360274,0.38325542600352236
cg14663984_BC21,-9.623984879790182,0.38463472794644915
cg06618740_BC21,-9.850520556205563,0.384836104523
cg13938959_TC21,-3.343085426180961,0.38531829855943556
cg07304255_BC21,-19.32852054738865,0.3862042457761474
cg00648573_BC21,9.93269408874965,0.38711879525489423
cg06375409_TC21,6.8528194696571045,0.3878205447333942
cg02968844_BC21,21.490685502908935,0.38922141940829114
cg26931466_TC21,-16.380009329898236,0.39161945461067527
cg15414773_TC21,-12.666719391121582,0.3928779760024236
cg19323338_TC21,24.76546265172548,0.3932505126787146
cg23731501_TC21,2.979668439143949,0.393970469157499
cg13244315_BC11,11.450752581877845,0.39453858313288903
cg19159092_BC21,15.2215748035281,0.39707422106174317
cg03735847_BC11,-10.520822465371474,0.3999392319331617
cg11143486_TC11,3.193205523071159,0.4000212436656827
cg00012095_TC11,20.36062027693206,0.4008794772415356
cg23931819_BC11,-21.639431035738347,0.40178606081763624
cg24523322_TC11,3.995137455780642,0.40201522754083996
cg17510786_TC21,-8.19054803284049,0.40449309195181904
cg24701867_TC11,38.58217205918903,0.40481927874462953
cg21801539_TC11,-9.342218238420385,0.4049159722354335
cg03185752_BC21,29.489948835967677,0.405463881328053
cg18319381_BC21,-5.432001550177819,0.40660707232501436
cg00381604_BC11,-13.258639576629573,0.4076164827875518
cg18432292_BC21,2.522724713717861,0.40792536984138483
cg02742603_TC21,10.334134623557892,0.4081264391073396
cg00019715_TC21,-4.812423402795424,0.4086294910883226
cg06981504_BC21,7.571057667091048,0.4087921379878561
cg10824915_BC21,3.414540406044374,0.4098015605943931
cg04391811_TC11,-75.41115219971256,0.4099990084800049
cg11782208_TC21,-2.1324697247822946,0.41133557658356523
cg00024330_BC21,-5.998084527973959,0.41153178116514166
cg17596279_BC21,8.452549051216495,0.4115948399086896
cg08641866_BC11,74.20484135453854,0.4120189230485609
cg00025095_BC21,2.3650427225615847,0.4124919182221254
cg00016045_BC21,-11.9224214976786,0.4134487107175515
cg05151709_TC21,2.4061003193828934,0.4137892456774148
cg13565718_BC21,2.9131242218576947,0.4142638379901419
cg14728174_BC21,4.549647365924682,0.415530939142411
cg15030799_TC11,8.83964719622359,0.41585229929582557
cg23205003_BC11,-24.076827877702662,0.4170974408399535
cg16352085_BC11,-10.71760821089311,0.4190491209223772
cg24475622_BC11,-12.624668328735961,0.4192300140624363
cg18565510_TC21,-10.706789144005565,0.4208755599310372
cg00018458_BC21,3.1397313254675967,0.42283981207655297
cg18538985_TC21,7.1448406426161135,0.4236230199299206
cg09988062_BC11,-12.659474839152436,0.4250909556121021
cg25905771_BC21,-30.12117359670433,0.42515464081083054
cg05336956_BC21,35.23910780238346,0.4263869091700573
cg21832150_TC21,-15.205755139679633,0.42791273229470494
cg18976046_TC11,-5.500704319403809,0.4280393754466514
cg10711230_TC21,3.268328829435879,0.42878300144778014
cg11471767_BC21,-2.7812428279020565,0.43101595934709225
cg00447632_TC11,-10.301174785424452,0.43437091590795507
cg17848797_TC21,6.4921090005443265,0.4350108960506386
cg19236794_BC11,3.675779317219593,0.43781377990920634
cg22481263_TC11,4.985875985196473,0.44030449554420625
cg08198173_BC21,-2.6098943780147765,0.4403120362215953
cg02056921_TC21,-31.26167783848981,0.44419169809432846
cg17907238_TC11,7.764173376984495,0.44578229547999737
cg22421766_BC21,64.17732619603669,0.44692783379962053
cg01197763_TC21,1.713118595825659,0.4477640034489486
cg09364122_TC11,5.528892564100924,0.44786421821287137
cg01150641_TC21,16.296582663256743,0.4486333624720802
cg01075305_BC11,25.380986866984436,0.44942779304370284
cg17177602_BC21,8.704270889330864,0.4499315701081168
cg15526941_TC21,2.9920147902387026,0.4518066852072383
cg15322667_BC21,-8.546761920124135,0.4539178029218751
cg22367159_BC11,5.903372789273989,0.45547251166029146
cg10784146_BC21,5.152104650479903,0.45796644209574766
cg11211792_BC21,5.8802637555679915,0.45913602902665784
cg00903892_TC11,-10.109573316921747,0.45986953767925765
cg26680499_BC21,4.05593940203535,0.4603166972491797
cg00002271_BC21,2.9138129677055606,0.46157127007780474
cg13371836_BC11,-12.959929820703346,0.46231813397606436
cg02495606_BC21,-11.275550202052626,0.46299554614962946
cg11308274_BC11,14.654987674320525,0.46397657493312494
cg01794932_TC21,32.86978468639016,0.4646799855913617
cg27185793_BC21,23.388231798402074,0.4674880927766707
cg03705284_BC11,-19.98010416304904,0.46820441167031224
cg15571556_BC21,4.716567267714854,0.468997555278331
cg16352072_TC21,2.1715204275049746,0.47170569793851913
cg15153791_TC11,-8.083082111432523,0.4724716016032533
cg02397514_TC11,-25.521255376211023,0.4729559407788264
cg06531475_TC21,6.939268079839936,0.4736983039261127
cg26003967_BC21,20.312818249159434,0.47537231319593976
cg04121631_TC21,-13.484861829481465,0.47635114332127004
cg21472517_BC11,-7.364642173307017,0.4777876322445045
cg17021880_TC21,-1.818236298541153,0.4794236612253744
cg08844387_BC11,5.3139375038713785,0.4794802086410469
cg17645946_BC21,2.7769426594828475,0.47954837490306534
cg26114254_TC21,10.550310988000637,0.4795981178469283
cg08132177_TC11,17.164766569945577,0.47971361773815
cg10664344_BC21,-12.637197420401833,0.48035379516680354
cg18380070_TC21,6.61301308006217,0.4824670127229219
cg24047311_BC11,-7.764025202446684,0.4853699098440323
cg16255279_TC21,16.029975841394414,0.48750264609247906
cg02482614_BC11,-8.543869448083917,0.4875126632962846
cg00014914_BC21,2.3086650139928313,0.487859426703076
cg12184864_BC21,-7.88930444872635,0.48792992638718835
cg22433276_BC11,8.52599517279864,0.4895696519349618
cg27584316_BC21,3.707346469961822,0.4901457367629528
cg25759916_BC21,5.704728434772815,0.4901567724662085
cg16626107_BC21,5.48394357419873,0.4905992684300403
cg00299257_BC21,16.046981437084767,0.4925615275200925
cg17928920_TC21,-8.79875816873084,0.49376419630889556
cg00017959_BC21,-13.406337755217029,0.49891291271983673
cg01711077_TC21,1.720852886660681,0.5023022331899589
cg06759632_BC21,2.845351697900338,0.5030829522765055
cg01341040_TC11,-8.767206434909884,0.5032447990424
cg20996124_TC11,-1.9963449615028088,0.5040410921219283
cg15742605_BC11,4.553212685329952,0.5050925702379269
cg15489799_TC21,15.791888759197528,0.5059188424194735
cg03058163_BC21,9.9325006086978,0.5071270773492675
cg16717690_BC11,-9.248565176015601,0.508816701054715
cg17709975_BC21,6.6149149721801725,0.5105024440645045
cg11726631_TC11,-11.536236291813943,0.5122051355917097
cg05329510_BC21,-1.5027989021899795,0.5122799181844884
cg22226438_BC11,-1.9475111877265543,0.5145131660764163
cg07008945_BC11,17.901925258221386,0.5147117893650363
cg26333156_BC21,-9.878313304709513,0.5148331987338073
cg14183444_BC21,23.383784652453183,0.5170783169917696
cg03956833_TC21,26.25856684054118,0.517093835017429
cg00022231_BC21,14.829986454290548,0.5185778374699321
cg22381068_TC21,7.942107297896483,0.5202909698022896
cg12147785_TC21,-15.358702609813758,0.5215183304988724
cg00007770_BC21,2.0484311278450305,0.5219630341097508
cg12810734_BC21,3.8709187237481704,0.5255769262169614
cg18272703_TC11,12.44327880400029,0.5262552878994526
cg22346297_BC21,16.035728406208857,0.5290932690940058
cg21475076_TC11,-6.667378873485274,0.5301223219119386
cg05035248_BC11,25.727740467073115,0.530140102002444
cg15365642_TC21,12.94001647532139,0.5330755658320189
cg08709360_BC11,1.4542266960694672,0.5338600431415244
cg06984883_BC11,-8.796532430031155,0.5373259232407792
cg16535257_BC21,1.793235381360309,0.5381126835854343
cg08067365_TC21,-20.549622948384606,0.5381772494784056
cg21583518_BC21,2.3317621002249433,0.5389040443411897
cg25203980_TC21,10.995421708732305,0.5432859191379162
cg14830045_BC11,-8.406017654176322,0.5434691634860707
cg22665280_BC21,-2.2220171058082308,0.5443027046995932
cg17414873_BC11,1.9856117808579812,0.5486508764916461
cg14394203_TC11,-16.634795592002213,0.5496230783953462
cg16578267_BC11,8.798029932434675,0.5501400153415317
cg01930745_BC21,-14.900000720754626,0.5502117674743032
cg07983659_BC21,13.143522588416511,0.5518348437325659
cg08853797_BC21,4.684816150877389,0.5520518154805768
cg07269843_BC21,1.799757665178182,0.5527125676748543
cg16712243_BC21,1.32713183689657,0.5546148591699691
cg23880637_BC21,-17.861452902756596,0.5575632896250988
cg16095440_BC11,-29.424769191315583,0.5584901504001853
cg19813362_BC11,7.932427084019659,0.5594631148611451
cg22047469_BC11,12.56679158318292,0.5613590596720186
cg14997037_TC21,3.024531759253261,0.5629982430307277
cg05819296_BC21,1.8695811917598826,0.5631662274704352
cg01757980_BC21,6.114283531406198,0.563809601046659
cg15994839_BC21,3.5167002744234717,0.5645044885973478
cg03003335_BC11,-2.9574662925165383,0.5734650668647306
cg24685837_TC21,8.058738956759349,0.576126312231479
cg23812948_BC21,1.5999340960919775,0.5761488984243153
cg04026747_BC21,4.319009167693361,0.5768284377762201
cg06198843_TC21,-25.334849004309223,0.5773529450556993
cg12712429_TC11,-1.3652380423128827,0.57844862286976
cg04407431_TC21,20.368701432779243,0.5789811252722464
cg04065236_BC21,-5.731851827042003,0.5807221042933848
cg00022411_BC21,-17.61453292995993,0.58161240679591
cg08900511_BC21,-1.4701133938396913,0.582424500550875
cg18224588_BC11,-12.638266894715802,0.5845306976807483
cg13806162_TC21,-2.3098399641537632,0.5850565445887166
cg12924059_BC21,-10.549262864653135,0.5850779987316416
cg08884932_TC21,-1.987971945612249,0.5853178498297285
cg19724344_BC21,6.87183030786262,0.5854126766387817
cg06679168_TC21,2.0096372906140756,0.5936783512134244
cg15896339_TC11,-5.854549863690604,0.5983312461905961
cg22874652_BC21,1.655603126140793,0.5985932902037288
cg08128007_BC21,1.7629965830217669,0.599176666461259
cg16380285_BC21,-14.310273242230613,0.6007029420564638
cg21830050_BC21,2.183903769104033,0.6008287590165862
cg01961752_TC21,-1.9295289058707195,0.6020959634579431
cg24378253_BC11,14.132809569570325,0.6032843545224426
cg21362926_TC21,9.16650060110194,0.6039191163043984
cg08186992_BC21,1.532019473097973,0.6065447861235322
cg04919596_TC21,5.407546730123971,0.607359658614705
cg07181843_BC21,-10.435038929672286,0.6095701212966151
cg00007845_BC21,2.18069494737195,0.6120333519191121
cg25536368_BC11,-17.70457977181619,0.6136651347475989
cg24709745_BC21,6.569361610046905,0.6155078223138716
cg00328058_BC21,1.8916237162306826,0.6158776720900676
cg08701814_TC21,-2.138607560973831,0.6162078785688686
cg08258224_TC21,3.141368068737819,0.6179273724916408
cg27430493_BC21,-6.306194655817328,0.6187575582698577
cg14488957_BC21,-16.75055172126206,0.6203598327849273
cg20236831_BC11,-4.020047876881196,0.6288063716547604
cg09299774_BC21,1.9403808756268792,0.6314054421358001
cg20062691_TC21,-1.1562019211548935,0.6317040645419366
cg06778273_BC11,-3.5512328786032965,0.6352864534877318
cg02288964_TC21,1.4852265883597218,0.637285286762559
cg23166857_BC11,1.808503183820645,0.63957941589963
cg03180780_TC11,11.7278872284738,0.645866895106485
cg07719599_BC21,6.582468353610681,0.648047005452977
cg04029236_BC21,-11.456597289225025,0.6494520714403295
cg06085743_TC11,-4.3047344993434296,0.6500182411745523
cg13375638_TC21,9.571991742455413,0.6500805196301302
cg00004581_TC21,-1.9810184787802412,0.650087625268783
cg18163062_BC21,-5.197655847346066,0.651863117873301
cg02334770_TC11,-2.3613241796433466,0.6532817789091292
cg18147233_TC21,3.700177591911031,0.6540255644745355
cg02096324_BC21,-4.66053762708295,0.664664899231297
cg00014375_BC21,7.378763885408748,0.6650834560232635
cg14008593_BC21,-1.2517362897671336,0.6670546652832792
cg10782633_TC11,10.709430227419016,0.6682725070238934
cg08262378_BC21,-1.8827040738126133,0.6694015741147752
cg18272461_TC11,8.339895139140319,0.6730660449888515
cg04343794_TC11,-3.5993054419344235,0.6735357913509574
cg05719911_TC11,2.658696048981732,0.6770518501242176
cg27169685_TC21,4.602679173489292,0.6772778921805858
cg00011202_TC21,1.186292619101609,0.6806048900041471
cg23440882_BC11,-3.584613032230961,0.6807607654941714
cg10207527_BC11,-4.240971169359906,0.6809197303097057
cg21203719_TC21,-1.7329358935809434,0.6816543971817688
cg03394722_BC21,0.8461002262274644,0.6817063385735701
cg20685419_BC21,1.750550891669933,0.6852739874528809
cg27642349_TC11,6.575375070683275,0.6859676854376002
cg00020745_TC21,-16.50114299101627,0.6908629650994147
cg03648020_BC21,6.156142494449665,0.7035663711348077
cg17368944_TC11,-3.064959324672283,0.7041517288487329
cg20945607_TC11,-7.014200562562376,0.7047634549391883
cg22225577_TC21,0.8335189640406067,0.7055258864389091
cg27561293_TC11,-26.43714823066684,0.7078815149904876
cg07549208_TC21,-10.387194685933537,0.7116169667070993
cg20022511_TC21,5.184401370189439,0.7161672936559489
cg23891858_TC21,-3.305654030085998,0.7168186384572817
cg02838683_TC21,-4.7800059649135695,0.7200170229201066
cg24165743_TC21,8.958168917663691,0.7249221547435004
cg00017520_TC21,-3.072473320574766,0.7311939831862222
cg18387017_BC11,6.802193832016015,0.7313925270166391
cg02581421_TC11,14.869721944951605,0.7340383946840794
cg21139076_TC11,4.480069447571896,0.7354326180904199
cg10782557_BC21,-1.7060901840004026,0.7379629680787052
cg24045482_BC11,3.413615446937752,0.739019564481211
cg16432326_BC21,-0.9344315721397688,0.7421030052623305
cg27477059_BC21,-0.9446920495195398,0.7435054441508812
cg13587552_BC21,-1.7845926987795604,0.7450801138937122
cg10113217_TC21,-0.8845875752020779,0.7458590157721379
cg00086243_BC21,-4.67686103688237,0.7462187302836288
cg08843537_BC11,-0.7997082829830359,0.7479481063634618
cg23999112_TC21,-1.6313012252881864,0.751144181372178
cg03811829_BC21,3.5498097289271153,0.7528010215488653
cg10518155_TC21,-12.090194814552216,0.7529294960471723
cg22673826_BC21,5.5274457522220315,0.7575908534685264
cg23803172_BC11,-4.0952551799083325,0.7662100877535609
cg08459564_BC21,-13.976269398457651,0.7679145270280775
cg07119157_TC21,-1.0784967487378587,0.7704113698962247
cg23310884_BC21,-2.1836591977936157,0.7712003564752092
cg07394827_BC21,-3.0391570129013856,0.7736196111391473
cg08223393_BC21,-12.062623990253776,0.773899063025368
cg27053169_BC11,-1.9518512737590954,0.7739256891814638
cg10583942_TC21,1.0319877089165976,0.7742705769551519
cg26866277_BC21,0.9719175176195713,0.775481049234515
cg12483930_BC21,-1.1976140435867988,0.7762187028368976
cg00005474_TC21,-5.535164512248121,0.7765471934138617
cg27009105_BC11,-12.642342613033186,0.7801334981583763
cg17970390_BC21,-1.4510309510282102,0.7814046474436803
cg14890378_TC21,-0.7838928074623769,0.782816796881393
cg05724097_TC21,0.7918461367555059,0.7834329140821248
cg08090128_BC21,1.4941561064848365,0.7871357474144022
cg01922485_TC11,2.271958218868931,0.7882466781281521
cg22512779_BC21,0.9691296039491849,0.7919298472071385
cg10483828_BC21,3.382619029757531,0.792332551708404
cg14709479_BC11,0.8483027936211576,0.7955436264034417
cg24852892_BC21,1.3100320572360062,0.7956680668561198
cg15500259_BC21,1.0729496847028388,0.7962378735839384
cg18792131_TC11,-2.2072235453109195,0.7964329698222162
cg00145911_BC11,-1.058368859107342,0.7974799275329225
cg16619049_BC11,-0.601990283672739,0.7991195313352675
cg19827148_TC11,10.991839837749705,0.804031632580545
cg00008643_BC21,3.8179834269895387,0.8087493038712472
cg00020741_BC21,-2.361937418584487,0.8107644281831915
cg00007909_BC21,-0.6878946998180004,0.812840704651014
cg00024153_TC11,9.295440124016503,0.81703079863369
cg03725447_TC11,1.8327633443414884,0.8190373752660679
cg23625715_TC11,4.040205289303928,0.8194108906932587
cg22044028_BC11,3.5061976423912022,0.8197395927952091
cg06091566_BC11,3.9038449962689783,0.8221370661920024
cg20747739_TC21,0.5777903196694546,0.8227763152703876
cg26314055_TC11,2.3644036412971223,0.8238136695703385
cg16625220_BC11,4.887859153550895,0.825884125936486
cg00006223_TC21,-0.7769599586697159,0.8277926625408613
cg09146328_BC21,0.5334129135373453,0.8278123441014833
cg21503301_TC11,7.329031166956751,0.8328527885698357
cg10201533_BC11,-0.7233057717114698,0.8335147434582787
cg27440283_TC21,-6.943917926873444,0.8340220081719909
cg20501011_BC21,0.6328136537239056,0.8347802389352172
cg18153662_BC21,-3.7378035679008375,0.8370090017598552
cg20869814_TC21,0.6088790594656167,0.8371972055614622
cg00009424_BC21,-1.1786852717268563,0.8391212445671603
cg26163375_TC11,6.39645622170513,0.840934498420858
cg17006413_BC11,-3.702919473023799,0.8414832339211032
cg06538872_BC21,0.6754574660923025,0.8417364003531373
cg16993975_TC11,-0.9618860931331201,0.8443068364700825
cg08881995_TC11,-3.521586023134568,0.8448605795014944
cg06964912_TC21,-8.510910590995783,0.8453867145636574
cg00009666_BC21,4.230609105583809,0.8458209825482593
cg16252905_TC21,0.5207923236543689,0.8463457324089625
cg13395069_BC21,-3.4711110880587026,0.8477147676565585
cg09792712_BC21,0.9334924538723647,0.8484243895075552
cg05095110_TC21,5.042751949525192,0.851336044821634
cg11200797_BC11,-0.5348704010420148,0.8521702866126438
cg22627753_TC21,-0.8082439105903899,0.8525528050479685
cg09555360_BC21,-2.8584952159566064,0.8537152114263575
cg23259694_TC11,-0.7233696642528884,0.8569392506579239
cg19925558_TC21,-3.6820150435112953,0.8585936168906367
cg14248627_BC21,2.419747600371256,0.8596832752943999
cg08090385_BC21,2.458714571342083,0.8600835924476258
cg04098194_TC21,-6.060836157543936,0.860226515086445
cg02224920_TC21,4.140653850766291,0.8606195879290155
cg07146103_TC21,1.1468231426419042,0.8614815341237981
cg19834486_TC11,-3.5313930811456182,0.864955630796224
cg02913364_TC21,-3.7278607285746386,0.8658311130416094
cg16968662_TC21,-1.0356762777660729,0.8664477476742838
cg00478379_TC21,-3.169725042928448,0.8691577810404066
cg25625296_TC21,-0.6764073505944851,0.8691882934710411
cg19758750_TC21,-1.424388749221125,0.8724162879807885
cg19862782_BC21,0.5851284015754787,0.8725132692402553
cg22125623_TC11,3.617046839174681,0.8737956130748099
cg06443533_BC11,-1.6097620782619289,0.8739349678220748
cg13100600_BC21,0.39412527865752095,0.8746286872411577
cg20705390_TC21,0.29738168213803057,0.8746430925982753
cg04719903_TC11,-2.3845053280978243,0.876415239761485
cg02852398_TC21,-4.796423443880754,0.8771019131414499
cg06097659_TC11,-3.912106697459454,0.8778687975912814
cg15822328_TC21,2.8083199850908325,0.8784949537641727
cg15574137_TC21,-1.1693881557893504,0.880581754223966
cg21407818_TC21,1.076745926816445,0.883041190468681
cg05041517_TC21,-0.6979044976515236,0.8832403748840003
cg24517686_TC21,2.39436444665033,0.8843995542801497
cg02852923_TC21,0.8721516424903969,0.8848991291720885
cg19933051_TC21,2.183555465621116,0.8860637402443942
cg19945840_TC21,-0.4420234396828533,0.8867641970776359
cg01937247_BC21,0.7507667991828281,0.8886027145862585
cg23731742_BC11,-0.5375201731176232,0.888986722634682
cg18977839_TC21,2.3014200463258114,0.8891779078565828
cg11407801_TC21,0.45600246139209955,0.8925463847449127
cg04311266_BC11,-1.439682288149323,0.8932787035090775
cg13713718_TC11,1.251381318220989,0.8958749830333128
cg00262415_BC21,-2.348885366706124,0.8973998336623894
cg06819605_TC11,2.936147938828875,0.9052261569600633
cg22583825_BC21,0.4888247036697098,0.9053135625389174
cg15868629_BC11,4.968181298121594,0.9083039624819749
cg04972348_TC11,-5.577410781548928,0.9138616568587321
cg03003746_TC11,-0.293956873138199,0.918358225395402
cg26369180_BC21,0.5520066159600746,0.9189356412263101
cg13470499_TC21,1.944614295269264,0.9190992301108034
cg12609142_BC21,-1.6371679082395372,0.9213911013766869
cg08029603_TC21,-0.24760806736234306,0.9218241106575992
cg11235921_TC11,-0.5891686845323223,0.9221100207885756
cg16176300_BC21,-0.3018087948980023,0.9255993652541072
cg16995668_TC21,0.30648021411748505,0.9266190037298807
cg07147720_TC21,-2.1675573998697097,0.9280678845414823
cg15628028_BC21,-0.94542398670755,0.9284918065554233
cg13870982_BC21,0.4669760831925939,0.928910575218108
cg15736449_TC21,0.38386735707177916,0.929073632450176
cg16266669_TC11,-0.47764658610297417,0.9312726725037024
cg10720997_TC11,-0.6358861439797389,0.9330324235064773
cg08706355_BC21,1.0508993587298026,0.9359174425654331
cg10309261_BC21,2.165248612713488,0.9360058721813452
cg11727921_BC21,2.0100292209982467,0.9381459108706556
cg04485075_TC21,-1.2538037322412772,0.9394670383153159
cg21288685_BC21,-0.232503216951122,0.9401983554214146
cg10146935_TC11,-2.6832317263970236,0.9421004324119888
cg02709725_TC21,-0.25211259650842954,0.9515105280594522
cg16034521_TC11,0.2268016676176424,0.9523784319619989
cg05652547_BC21,1.160150640809547,0.9546860610298301
cg09363892_TC21,-0.6772014201821179,0.9548924703754258
cg22482746_TC11,3.0057085313288243,0.9550818887905445
cg00023943_BC21,0.2001089069946576,0.9555426517066609
cg13219080_TC21,-1.1122533534517776,0.9564947705691191
cg20341253_TC11,-2.2036764734196255,0.9583799918116014
cg17153432_TC11,0.518447840539914,0.958962240454194
cg09166659_BC11,0.36625959649657164,0.9606335160990241
cg17084044_BC21,0.8732985774621369,0.9652488255737922
cg02245706_BC21,-0.434373053947864,0.9706399383989534
cg12663811_BC21,-0.8460964738095929,0.9720674013312046
cg15469001_TC21,-0.14750882184036104,0.9727829678062608
cg00008631_TC21,0.784052258507338,0.9738833371825187
cg04672450_TC21,0.8924692582690525,0.9759116636564917
cg01768082_TC21,-0.11753639815614438,0.9766918194410574
cg26405545_BC21,-0.0879568392752077,0.9772416042786854
cg17712416_TC11,-0.10327775057307664,0.9817370727187295
cg13897241_BC21,-0.051517366692018104,0.9823782556815123
cg06036236_TC21,0.0767711312902699,0.9852507398436999
cg12445832_BC21,-0.044732768559602454,0.9854443579173748
cg03269716_BC21,-0.038757057495515265,0.9854537710386189
cg22416074_TC21,0.17377263967626327,0.9907353418694683
cg23956473_TC21,-0.3360290307692339,0.9915211465725691
cg06038049_TC11,0.06435140382125046,0.9979266478700343
cg24004483_TC11,-0.008054771748814514,0.9982458950582671
cg18019572_TC21,-0.05751654034039331,0.9982991613778663
cg11847126_BC21,0.022776409152565617,0.9983789584129468
cg00918900_BC21,-0.03591673701531786,0.9987212335420794
